PassengerId,Survived,Pclass,Name,Sex,Age,SibSp,Parch,Ticket,Fare,Cabin,Embarked
1,0,3,Passenger 1,female,30.6,0,3,TKT00001,29.9,A5,S
2,0,2,Passenger 2,male,23.6,0,1,TKT00002,30.73,nan,C
3,0,1,Passenger 3,female,,1,0,TKT00003,9.14,nan,S
4,1,3,Passenger 4,female,36.1,1,1,TKT00004,18.47,nan,S
5,0,3,Passenger 5,male,10.6,0,1,TKT00005,6.02,nan,S
6,1,2,Passenger 6,female,38.4,0,0,TKT00006,4.04,nan,C
7,0,1,Passenger 7,female,18.2,0,1,TKT00007,36.33,nan,Q
8,1,1,Passenger 8,female,20.9,0,2,TKT00008,11.0,nan,S
9,0,3,Passenger 9,male,33.4,0,0,TKT00009,40.37,nan,S
10,0,3,Passenger 10,male,,0,0,TKT00010,48.75,nan,S
11,0,2,Passenger 11,male,41.5,0,0,TKT00011,12.24,nan,S
12,0,1,Passenger 12,female,18.2,0,0,TKT00012,32.21,nan,S
13,0,3,Passenger 13,male,20.3,0,1,TKT00013,11.84,B28,S
14,0,3,Passenger 14,female,19.8,0,1,TKT00014,4.59,nan,S
15,0,3,Passenger 15,male,21.1,0,0,TKT00015,22.17,nan,S
16,0,3,Passenger 16,male,44.4,0,0,TKT00016,13.78,D33,S
17,0,1,Passenger 17,male,,0,1,TKT00017,14.12,nan,C
18,0,2,Passenger 18,male,52.9,0,0,TKT00018,97.54,nan,S
19,0,2,Passenger 19,female,,0,0,TKT00019,5.93,nan,S
20,0,3,Passenger 20,male,14.6,1,1,TKT00020,27.28,nan,S
21,0,3,Passenger 21,female,30.0,0,0,TKT00021,9.06,nan,C
22,0,3,Passenger 22,male,12.5,0,1,TKT00022,41.54,nan,S
23,1,3,Passenger 23,female,,1,0,TKT00023,25.5,nan,S
24,0,3,Passenger 24,female,,1,0,TKT00024,27.21,E46,S
25,1,3,Passenger 25,female,14.2,0,0,TKT00025,9.43,nan,S
26,1,1,Passenger 26,male,14.3,1,0,TKT00026,10.89,C85,Q
27,1,1,Passenger 27,male,27.0,1,1,TKT00027,42.17,D33,S
28,0,2,Passenger 28,male,,0,0,TKT00028,82.82,nan,S
29,0,3,Passenger 29,male,40.8,1,0,TKT00029,29.5,nan,C
30,0,1,Passenger 30,female,,1,0,TKT00030,9.8,nan,S
31,1,3,Passenger 31,female,68.3,2,0,TKT00031,26.34,nan,S
32,0,3,Passenger 32,female,22.7,1,1,TKT00032,140.05,A5,S
33,0,3,Passenger 33,male,30.0,1,1,TKT00033,21.8,nan,S
34,0,1,Passenger 34,male,10.9,0,0,TKT00034,64.68,E46,S
35,0,2,Passenger 35,male,52.9,1,0,TKT00035,11.11,E46,C
36,0,1,Passenger 36,male,44.7,0,0,TKT00036,19.42,G6,C
37,0,3,Passenger 37,male,33.2,0,0,TKT00037,32.97,nan,C
38,0,3,Passenger 38,male,10.1,1,0,TKT00038,27.6,nan,S
39,0,3,Passenger 39,male,31.9,2,1,TKT00039,10.88,nan,S
40,1,2,Passenger 40,female,13.3,0,0,TKT00040,10.51,D33,S
41,0,2,Passenger 41,male,49.5,1,0,TKT00041,44.28,nan,Q
42,0,2,Passenger 42,female,40.3,0,0,TKT00042,52.1,nan,C
43,0,3,Passenger 43,female,30.3,1,1,TKT00043,67.34,nan,S
44,0,3,Passenger 44,male,,0,1,TKT00044,85.04,G6,S
45,1,1,Passenger 45,female,15.2,1,0,TKT00045,22.37,nan,C
46,0,3,Passenger 46,female,38.6,0,0,TKT00046,15.66,nan,Q
47,0,1,Passenger 47,male,,0,0,TKT00047,59.19,nan,C
48,0,3,Passenger 48,male,44.5,1,1,TKT00048,35.53,A5,S
49,0,1,Passenger 49,female,,0,0,TKT00049,9.15,nan,S
50,0,2,Passenger 50,male,33.2,0,1,TKT00050,8.79,nan,S
51,0,3,Passenger 51,male,43.2,0,0,TKT00051,29.77,nan,S
52,0,1,Passenger 52,male,5.8,0,0,TKT00052,17.43,D33,Q
53,1,2,Passenger 53,female,28.9,0,1,TKT00053,19.67,B28,S
54,0,2,Passenger 54,female,32.8,1,1,TKT00054,47.37,nan,S
55,1,2,Passenger 55,female,24.8,1,0,TKT00055,36.86,nan,S
56,0,3,Passenger 56,female,,0,1,TKT00056,58.2,nan,S
57,1,3,Passenger 57,male,24.4,0,0,TKT00057,4.28,nan,S
58,0,3,Passenger 58,male,24.4,0,0,TKT00058,24.6,nan,S
59,0,2,Passenger 59,male,26.9,3,0,TKT00059,35.01,nan,C
60,1,3,Passenger 60,male,21.1,1,1,TKT00060,5.92,A5,S
61,0,2,Passenger 61,female,22.8,1,0,TKT00061,11.89,nan,S
62,0,2,Passenger 62,male,28.4,0,0,TKT00062,10.25,nan,S
63,1,1,Passenger 63,male,,0,1,TKT00063,20.44,nan,S
64,0,3,Passenger 64,female,24.7,0,2,TKT00064,73.87,nan,S
65,0,3,Passenger 65,male,23.3,0,1,TKT00065,101.3,nan,C
66,0,3,Passenger 66,male,30.3,3,0,TKT00066,10.47,nan,S
67,1,3,Passenger 67,male,2.1,0,0,TKT00067,30.61,nan,Q
68,0,3,Passenger 68,male,35.7,0,1,TKT00068,31.41,nan,S
69,0,3,Passenger 69,male,,0,2,TKT00069,27.39,nan,S
70,0,3,Passenger 70,male,29.6,0,2,TKT00070,27.64,nan,S
71,0,2,Passenger 71,male,42.5,0,0,TKT00071,25.61,nan,S
72,0,1,Passenger 72,male,1.7,0,0,TKT00072,77.48,G6,C
73,0,1,Passenger 73,female,1.4,0,1,TKT00073,48.52,nan,S
74,0,3,Passenger 74,male,32.8,0,1,TKT00074,8.6,nan,S
75,0,3,Passenger 75,male,28.9,1,0,TKT00075,37.96,C85,S
76,0,3,Passenger 76,male,31.4,1,0,TKT00076,41.01,nan,C
77,1,1,Passenger 77,male,,1,0,TKT00077,25.84,nan,S
78,0,3,Passenger 78,female,,1,1,TKT00078,49.66,nan,C
79,0,1,Passenger 79,male,42.1,1,1,TKT00079,23.35,nan,S
80,1,2,Passenger 80,female,35.8,0,1,TKT00080,23.58,D33,C
81,0,1,Passenger 81,female,25.3,0,0,TKT00081,22.13,nan,S
82,0,1,Passenger 82,male,0.5,0,0,TKT00082,4.0,nan,S
83,1,3,Passenger 83,female,39.8,0,0,TKT00083,18.83,nan,Q
84,0,2,Passenger 84,male,46.1,0,0,TKT00084,11.77,nan,S
85,0,3,Passenger 85,male,38.0,0,1,TKT00085,7.77,E46,S
86,0,3,Passenger 86,male,16.7,0,0,TKT00086,63.26,nan,S
87,0,2,Passenger 87,female,,0,0,TKT00087,30.07,nan,S
88,0,3,Passenger 88,male,41.0,1,0,TKT00088,19.61,nan,S
89,1,1,Passenger 89,male,50.8,1,1,TKT00089,12.78,nan,S
90,0,3,Passenger 90,male,16.7,0,2,TKT00090,25.46,nan,C
91,1,3,Passenger 91,male,25.8,0,0,TKT00091,44.4,nan,C
92,0,3,Passenger 92,female,,0,0,TKT00092,10.36,nan,S
93,0,3,Passenger 93,male,29.8,1,0,TKT00093,20.01,nan,S
94,0,1,Passenger 94,male,13.4,1,0,TKT00094,40.22,E46,C
95,0,3,Passenger 95,male,34.8,1,1,TKT00095,4.27,nan,S
96,0,2,Passenger 96,male,37.1,0,0,TKT00096,19.18,C85,S
97,1,1,Passenger 97,male,30.2,1,1,TKT00097,14.25,nan,S
98,0,2,Passenger 98,male,32.1,1,1,TKT00098,18.05,nan,S
99,1,3,Passenger 99,male,25.4,0,0,TKT00099,13.45,nan,S
100,0,3,Passenger 100,female,49.7,0,2,TKT00100,22.42,nan,C
101,0,3,Passenger 101,female,16.4,1,0,TKT00101,93.59,nan,Q
102,0,3,Passenger 102,female,20.8,2,1,TKT00102,15.5,nan,S
103,1,1,Passenger 103,male,29.2,0,0,TKT00103,25.36,nan,S
104,0,3,Passenger 104,female,41.3,2,0,TKT00104,99.07,D33,S
105,0,2,Passenger 105,female,8.0,0,0,TKT00105,12.94,nan,S
106,0,3,Passenger 106,female,10.7,0,0,TKT00106,85.78,nan,C
107,0,1,Passenger 107,male,,0,0,TKT00107,20.17,nan,S
108,1,3,Passenger 108,male,29.5,1,1,TKT00108,83.56,nan,Q
109,0,2,Passenger 109,male,,0,1,TKT00109,36.6,nan,S
110,1,1,Passenger 110,female,23.6,0,1,TKT00110,25.68,nan,S
111,1,3,Passenger 111,male,38.3,0,0,TKT00111,19.06,nan,n
112,0,1,Passenger 112,male,20.0,0,1,TKT00112,12.19,nan,S
113,0,1,Passenger 113,male,32.2,1,0,TKT00113,21.34,nan,C
114,1,3,Passenger 114,male,24.8,0,0,TKT00114,41.18,G6,S
115,0,2,Passenger 115,male,38.4,1,0,TKT00115,19.88,B28,S
116,0,3,Passenger 116,female,35.7,0,1,TKT00116,15.59,nan,S
117,0,2,Passenger 117,female,19.3,0,0,TKT00117,16.43,G6,S
118,1,3,Passenger 118,female,26.6,2,0,TKT00118,44.43,nan,C
119,0,3,Passenger 119,male,,0,0,TKT00119,53.52,nan,S
120,0,3,Passenger 120,male,34.5,0,2,TKT00120,11.78,nan,S
121,0,3,Passenger 121,male,,1,1,TKT00121,11.77,B28,S
122,0,3,Passenger 122,male,38.2,2,1,TKT00122,27.21,G6,S
123,0,3,Passenger 123,male,13.8,2,0,TKT00123,68.17,C85,S
124,0,2,Passenger 124,male,48.8,1,0,TKT00124,50.24,C85,S
125,1,1,Passenger 125,male,43.3,0,0,TKT00125,7.38,nan,S
126,0,3,Passenger 126,male,33.1,1,1,TKT00126,16.26,nan,S
127,0,3,Passenger 127,male,,1,1,TKT00127,9.54,A5,S
128,0,1,Passenger 128,male,26.1,1,0,TKT00128,16.22,nan,Q
129,0,2,Passenger 129,male,,1,1,TKT00129,72.5,nan,S
130,0,3,Passenger 130,male,23.8,0,0,TKT00130,6.44,B28,S
131,0,3,Passenger 131,male,,0,0,TKT00131,5.5,nan,S
132,0,3,Passenger 132,female,,0,2,TKT00132,10.35,nan,S
133,0,3,Passenger 133,male,21.1,0,0,TKT00133,25.28,nan,C
134,0,3,Passenger 134,male,20.4,0,0,TKT00134,33.0,A5,S
135,0,2,Passenger 135,male,12.3,1,0,TKT00135,28.5,nan,S
136,0,3,Passenger 136,male,14.1,0,0,TKT00136,51.45,nan,Q
137,0,2,Passenger 137,female,,0,0,TKT00137,4.9,nan,C
138,0,3,Passenger 138,male,39.2,0,0,TKT00138,51.97,nan,C
139,0,2,Passenger 139,female,54.3,1,0,TKT00139,15.65,nan,S
140,0,3,Passenger 140,male,49.0,0,0,TKT00140,36.06,nan,S
141,0,3,Passenger 141,male,6.2,2,0,TKT00141,6.97,nan,S
142,0,3,Passenger 142,male,39.1,2,0,TKT00142,20.17,A5,S
143,0,3,Passenger 143,female,,1,1,TKT00143,24.26,B28,S
144,0,2,Passenger 144,male,,0,1,TKT00144,50.63,nan,C
145,0,3,Passenger 145,male,30.4,0,0,TKT00145,5.65,nan,S
146,0,2,Passenger 146,male,0.9,0,0,TKT00146,20.59,nan,S
147,1,2,Passenger 147,male,,1,0,TKT00147,8.43,nan,S
148,0,2,Passenger 148,male,,1,0,TKT00148,30.1,B28,S
149,0,1,Passenger 149,male,31.8,0,2,TKT00149,37.4,nan,S
150,0,1,Passenger 150,male,7.1,0,0,TKT00150,56.25,nan,C
151,0,3,Passenger 151,female,36.6,0,1,TKT00151,13.09,nan,S
152,0,3,Passenger 152,female,43.3,4,0,TKT00152,42.17,nan,C
153,0,3,Passenger 153,male,18.0,0,1,TKT00153,59.66,C85,S
154,0,1,Passenger 154,male,13.1,0,0,TKT00154,5.39,nan,S
155,0,2,Passenger 155,male,0.5,0,0,TKT00155,32.78,nan,S
156,1,1,Passenger 156,female,,0,0,TKT00156,43.24,nan,C
157,0,3,Passenger 157,male,20.9,0,0,TKT00157,16.33,nan,S
158,0,3,Passenger 158,female,7.3,0,1,TKT00158,7.62,G6,S
159,0,2,Passenger 159,female,,1,1,TKT00159,42.71,nan,S
160,0,3,Passenger 160,female,22.7,2,1,TKT00160,7.69,nan,C
161,1,1,Passenger 161,male,13.9,1,0,TKT00161,17.41,G6,S
162,1,2,Passenger 162,female,21.2,1,0,TKT00162,19.45,nan,C
163,0,1,Passenger 163,male,44.0,1,0,TKT00163,35.6,nan,Q
164,0,2,Passenger 164,male,37.4,0,1,TKT00164,12.17,A5,C
165,0,3,Passenger 165,male,27.2,1,1,TKT00165,11.62,A5,S
166,0,3,Passenger 166,male,37.7,0,0,TKT00166,21.74,nan,S
167,1,1,Passenger 167,female,12.7,1,0,TKT00167,44.93,nan,Q
168,0,3,Passenger 168,female,29.5,1,1,TKT00168,125.21,C85,S
169,0,3,Passenger 169,male,31.1,0,0,TKT00169,6.01,nan,S
170,0,3,Passenger 170,female,22.4,0,1,TKT00170,25.85,nan,S
171,1,3,Passenger 171,male,,0,0,TKT00171,8.42,A5,C
172,0,2,Passenger 172,male,,0,0,TKT00172,45.38,nan,S
173,0,3,Passenger 173,male,,0,0,TKT00173,9.48,nan,S
174,1,2,Passenger 174,female,,0,0,TKT00174,11.71,nan,S
175,0,3,Passenger 175,male,0.5,0,0,TKT00175,12.54,B28,C
176,0,2,Passenger 176,male,,0,0,TKT00176,18.9,nan,S
177,0,3,Passenger 177,male,0.5,0,0,TKT00177,26.01,B28,C
178,0,1,Passenger 178,female,20.4,2,0,TKT00178,29.58,C85,C
179,0,2,Passenger 179,female,43.4,1,0,TKT00179,19.99,nan,Q
180,0,3,Passenger 180,female,24.6,0,0,TKT00180,6.93,A5,C
181,0,3,Passenger 181,female,8.5,1,0,TKT00181,35.95,B28,S
182,0,2,Passenger 182,female,13.7,1,0,TKT00182,19.25,G6,S
183,1,3,Passenger 183,male,43.4,1,0,TKT00183,50.88,nan,S
184,0,3,Passenger 184,male,2.1,0,0,TKT00184,11.4,nan,Q
185,1,2,Passenger 185,female,44.8,0,2,TKT00185,5.57,nan,S
186,0,3,Passenger 186,female,28.2,1,0,TKT00186,19.55,nan,S
187,0,3,Passenger 187,male,12.3,1,0,TKT00187,56.64,nan,C
188,0,3,Passenger 188,male,,1,1,TKT00188,22.85,nan,S
189,1,2,Passenger 189,female,,1,0,TKT00189,17.12,nan,C
190,0,2,Passenger 190,male,41.1,0,0,TKT00190,10.01,nan,S
191,0,3,Passenger 191,female,,0,0,TKT00191,81.96,nan,S
192,0,3,Passenger 192,male,4.9,0,0,TKT00192,8.81,nan,S
193,0,3,Passenger 193,male,,0,2,TKT00193,11.24,nan,S
194,0,3,Passenger 194,female,16.9,0,0,TKT00194,31.69,nan,S
195,0,3,Passenger 195,male,,0,0,TKT00195,4.55,nan,Q
196,0,3,Passenger 196,male,10.1,0,0,TKT00196,55.68,A5,S
197,0,3,Passenger 197,male,,0,0,TKT00197,33.09,nan,S
198,1,3,Passenger 198,female,28.5,1,0,TKT00198,41.24,nan,C
199,0,3,Passenger 199,male,12.7,2,2,TKT00199,31.39,nan,C
200,1,2,Passenger 200,male,19.5,1,0,TKT00200,17.66,nan,S
201,1,3,Passenger 201,female,,1,0,TKT00201,8.58,nan,Q
202,0,2,Passenger 202,female,11.2,0,0,TKT00202,17.96,nan,S
203,0,2,Passenger 203,male,30.3,0,0,TKT00203,9.21,B28,S
204,0,3,Passenger 204,male,11.8,0,0,TKT00204,29.63,nan,S
205,0,2,Passenger 205,male,0.5,2,0,TKT00205,38.3,G6,C
206,0,1,Passenger 206,male,23.7,2,1,TKT00206,65.46,nan,S
207,0,3,Passenger 207,male,3.8,1,0,TKT00207,27.04,nan,S
208,0,3,Passenger 208,female,18.5,0,0,TKT00208,42.08,nan,C
209,0,1,Passenger 209,male,,0,1,TKT00209,15.84,nan,S
210,0,1,Passenger 210,male,16.8,1,0,TKT00210,13.7,nan,S
211,1,2,Passenger 211,female,57.0,0,0,TKT00211,29.34,nan,C
212,0,3,Passenger 212,male,29.8,0,0,TKT00212,14.74,nan,S
213,1,3,Passenger 213,male,32.4,0,1,TKT00213,24.91,A5,S
214,1,1,Passenger 214,female,4.1,0,1,TKT00214,8.59,nan,S
215,0,3,Passenger 215,female,19.8,2,0,TKT00215,9.92,nan,Q
216,1,1,Passenger 216,female,32.0,0,0,TKT00216,33.39,nan,S
217,1,2,Passenger 217,male,14.7,0,0,TKT00217,40.83,D33,S
218,0,3,Passenger 218,male,41.7,0,0,TKT00218,9.13,nan,S
219,1,1,Passenger 219,female,12.2,0,0,TKT00219,34.35,nan,S
220,0,1,Passenger 220,male,,1,0,TKT00220,13.12,nan,Q
221,0,2,Passenger 221,male,20.8,0,2,TKT00221,20.35,nan,S
222,0,3,Passenger 222,male,31.3,0,0,TKT00222,62.4,C85,S
223,0,3,Passenger 223,female,20.0,0,1,TKT00223,38.32,C85,S
224,0,3,Passenger 224,female,25.2,0,1,TKT00224,37.97,E46,S
225,0,1,Passenger 225,male,25.7,3,1,TKT00225,92.48,G6,S
226,1,1,Passenger 226,female,18.7,1,0,TKT00226,11.44,B28,Q
227,0,3,Passenger 227,male,35.8,0,0,TKT00227,9.13,nan,S
228,1,2,Passenger 228,male,32.3,0,0,TKT00228,11.27,nan,S
229,1,3,Passenger 229,male,,0,2,TKT00229,16.39,A5,S
230,0,3,Passenger 230,male,23.0,0,0,TKT00230,4.0,nan,S
231,1,1,Passenger 231,male,40.2,0,0,TKT00231,17.01,D33,S
232,0,3,Passenger 232,male,25.7,0,0,TKT00232,12.99,nan,S
233,0,1,Passenger 233,female,24.7,1,0,TKT00233,37.6,nan,S
234,1,2,Passenger 234,male,,0,1,TKT00234,26.63,nan,C
235,0,3,Passenger 235,female,52.8,0,0,TKT00235,12.42,nan,C
236,0,3,Passenger 236,female,10.2,1,0,TKT00236,32.2,C85,S
237,0,3,Passenger 237,male,39.8,0,0,TKT00237,35.82,nan,Q
238,1,3,Passenger 238,female,2.5,0,0,TKT00238,10.86,nan,S
239,0,3,Passenger 239,male,32.0,0,0,TKT00239,13.54,nan,S
240,0,3,Passenger 240,male,,0,0,TKT00240,4.0,G6,C
241,0,3,Passenger 241,female,35.8,2,0,TKT00241,8.39,nan,S
242,1,1,Passenger 242,female,31.4,0,0,TKT00242,11.09,nan,S
243,0,3,Passenger 243,male,21.2,1,1,TKT00243,21.31,nan,C
244,0,3,Passenger 244,male,,0,0,TKT00244,9.43,nan,S
245,0,2,Passenger 245,male,25.5,1,0,TKT00245,13.32,A5,C
246,0,3,Passenger 246,female,18.0,0,1,TKT00246,7.54,nan,S
247,0,2,Passenger 247,male,24.9,0,0,TKT00247,23.03,C85,C
248,0,1,Passenger 248,male,,0,0,TKT00248,28.24,nan,S
249,0,3,Passenger 249,male,18.3,0,0,TKT00249,27.71,nan,S
250,0,2,Passenger 250,male,,0,0,TKT00250,20.29,nan,S
251,0,3,Passenger 251,female,10.0,0,1,TKT00251,5.85,nan,C
252,0,3,Passenger 252,female,34.5,1,0,TKT00252,12.23,nan,S
253,1,3,Passenger 253,male,36.6,0,0,TKT00253,14.5,nan,C
254,1,2,Passenger 254,male,32.2,0,1,TKT00254,14.55,nan,S
255,0,2,Passenger 255,male,42.5,1,1,TKT00255,21.33,nan,S
256,0,3,Passenger 256,female,,1,1,TKT00256,62.83,nan,S
257,0,3,Passenger 257,female,34.5,0,0,TKT00257,38.46,nan,S
258,0,3,Passenger 258,male,33.3,0,0,TKT00258,9.12,nan,Q
259,0,3,Passenger 259,male,27.7,0,1,TKT00259,34.56,nan,S
260,0,1,Passenger 260,male,21.6,2,0,TKT00260,33.52,nan,S
261,0,3,Passenger 261,male,60.0,1,0,TKT00261,10.54,nan,S
262,0,1,Passenger 262,female,22.7,0,0,TKT00262,39.61,nan,S
263,0,1,Passenger 263,male,19.7,0,0,TKT00263,17.67,nan,S
264,1,3,Passenger 264,male,,0,0,TKT00264,6.5,nan,C
265,1,1,Passenger 265,female,32.5,1,1,TKT00265,28.91,nan,S
266,1,1,Passenger 266,male,,0,0,TKT00266,23.89,nan,S
267,0,1,Passenger 267,male,44.7,0,0,TKT00267,16.74,nan,S
268,0,2,Passenger 268,male,27.7,0,0,TKT00268,19.49,nan,S
269,0,3,Passenger 269,male,,0,1,TKT00269,11.3,nan,S
270,1,1,Passenger 270,male,45.6,1,0,TKT00270,32.72,E46,S
271,0,3,Passenger 271,male,37.8,0,0,TKT00271,19.4,nan,S
272,0,3,Passenger 272,male,11.3,0,1,TKT00272,22.95,D33,C
273,0,1,Passenger 273,male,,0,1,TKT00273,26.73,nan,Q
274,0,1,Passenger 274,male,38.2,0,0,TKT00274,7.98,nan,Q
275,1,3,Passenger 275,female,,2,1,TKT00275,9.82,G6,C
276,0,3,Passenger 276,male,51.3,1,1,TKT00276,4.0,nan,S
277,0,3,Passenger 277,male,31.2,1,1,TKT00277,31.56,nan,C
278,0,3,Passenger 278,male,,1,1,TKT00278,7.62,nan,S
279,0,1,Passenger 279,female,19.8,0,2,TKT00279,22.33,nan,S
280,0,2,Passenger 280,female,,0,0,TKT00280,27.03,nan,S
281,0,3,Passenger 281,male,35.7,0,1,TKT00281,32.52,nan,S
282,0,2,Passenger 282,male,29.2,0,0,TKT00282,7.67,nan,Q
283,1,3,Passenger 283,male,17.9,1,1,TKT00283,19.07,nan,C
284,0,3,Passenger 284,male,30.8,0,0,TKT00284,76.42,nan,S
285,0,3,Passenger 285,male,28.0,0,0,TKT00285,79.16,nan,S
286,0,3,Passenger 286,male,10.3,0,0,TKT00286,44.25,nan,S
287,0,2,Passenger 287,male,8.4,1,1,TKT00287,26.31,nan,S
288,0,1,Passenger 288,male,,0,0,TKT00288,8.99,nan,C
289,1,1,Passenger 289,male,,0,1,TKT00289,35.69,nan,Q
290,0,3,Passenger 290,male,31.9,0,1,TKT00290,17.7,nan,S
291,1,1,Passenger 291,female,22.3,0,0,TKT00291,31.45,nan,S
292,0,1,Passenger 292,male,47.3,1,0,TKT00292,12.11,nan,S
293,0,1,Passenger 293,female,22.1,0,1,TKT00293,17.49,A5,S
294,0,1,Passenger 294,male,38.2,0,2,TKT00294,22.9,A5,S
295,1,3,Passenger 295,female,23.4,2,1,TKT00295,24.46,nan,S
296,1,2,Passenger 296,female,30.6,0,1,TKT00296,29.81,nan,S
297,0,3,Passenger 297,female,39.3,0,1,TKT00297,12.64,nan,S
298,0,1,Passenger 298,female,,1,0,TKT00298,6.86,A5,S
299,0,3,Passenger 299,female,43.0,0,1,TKT00299,73.69,nan,C
300,1,2,Passenger 300,male,15.1,2,0,TKT00300,147.14,nan,S
301,0,2,Passenger 301,female,33.1,0,1,TKT00301,28.73,nan,C
302,0,3,Passenger 302,male,41.9,0,0,TKT00302,6.96,nan,S
303,1,3,Passenger 303,male,38.2,0,0,TKT00303,10.82,B28,S
304,0,3,Passenger 304,male,55.8,0,0,TKT00304,30.18,nan,S
305,1,1,Passenger 305,female,18.3,2,0,TKT00305,58.73,nan,S
306,0,1,Passenger 306,male,9.7,1,2,TKT00306,7.61,nan,S
307,1,3,Passenger 307,male,15.1,0,1,TKT00307,18.18,nan,S
308,0,2,Passenger 308,male,38.2,1,1,TKT00308,23.49,nan,S
309,1,3,Passenger 309,male,36.0,0,0,TKT00309,40.11,nan,Q
310,0,3,Passenger 310,male,30.4,0,2,TKT00310,15.26,nan,S
311,0,3,Passenger 311,male,13.3,0,1,TKT00311,5.75,D33,S
312,0,3,Passenger 312,male,39.7,0,0,TKT00312,33.01,nan,C
313,0,3,Passenger 313,male,,1,0,TKT00313,49.39,D33,S
314,0,1,Passenger 314,male,45.2,0,0,TKT00314,18.8,nan,S
315,0,1,Passenger 315,male,,1,0,TKT00315,27.78,nan,C
316,0,3,Passenger 316,male,34.1,1,0,TKT00316,13.74,nan,S
317,0,3,Passenger 317,male,37.2,0,0,TKT00317,10.21,nan,S
318,1,2,Passenger 318,female,22.1,1,0,TKT00318,45.66,nan,S
319,1,2,Passenger 319,male,3.7,0,1,TKT00319,27.39,nan,S
320,0,3,Passenger 320,female,20.6,0,1,TKT00320,29.73,nan,C
321,0,3,Passenger 321,female,13.7,0,0,TKT00321,66.8,nan,S
322,0,3,Passenger 322,male,,0,1,TKT00322,8.64,C85,S
323,0,2,Passenger 323,male,53.1,0,0,TKT00323,12.91,nan,S
324,0,2,Passenger 324,male,32.8,1,0,TKT00324,22.79,nan,S
325,0,3,Passenger 325,female,34.3,0,0,TKT00325,12.79,nan,S
326,0,2,Passenger 326,female,24.7,0,0,TKT00326,37.58,nan,S
327,0,3,Passenger 327,female,26.6,1,0,TKT00327,17.29,nan,C
328,0,3,Passenger 328,male,,0,0,TKT00328,9.08,nan,S
329,0,1,Passenger 329,male,28.5,0,0,TKT00329,21.17,nan,C
330,0,1,Passenger 330,male,36.4,1,0,TKT00330,23.02,nan,S
331,1,1,Passenger 331,female,26.3,0,0,TKT00331,42.43,G6,S
332,0,3,Passenger 332,male,24.2,1,1,TKT00332,27.51,nan,S
333,0,3,Passenger 333,female,9.3,0,0,TKT00333,29.05,nan,C
334,1,1,Passenger 334,female,1.3,0,0,TKT00334,25.95,nan,S
335,0,3,Passenger 335,male,25.3,0,0,TKT00335,17.28,nan,S
336,0,3,Passenger 336,male,29.8,0,0,TKT00336,11.33,nan,C
337,0,3,Passenger 337,male,,0,0,TKT00337,25.31,nan,S
338,0,3,Passenger 338,female,28.5,0,0,TKT00338,15.39,nan,S
339,0,1,Passenger 339,male,29.8,0,2,TKT00339,77.62,nan,S
340,0,1,Passenger 340,female,0.5,0,0,TKT00340,58.78,A5,S
341,0,3,Passenger 341,male,16.2,1,0,TKT00341,33.32,nan,S
342,0,1,Passenger 342,female,34.7,0,2,TKT00342,27.19,nan,S
343,0,3,Passenger 343,female,34.4,0,0,TKT00343,18.72,nan,Q
344,0,1,Passenger 344,male,,0,0,TKT00344,7.32,G6,S
345,0,1,Passenger 345,female,31.2,0,2,TKT00345,16.9,nan,S
346,0,1,Passenger 346,female,43.3,0,0,TKT00346,21.78,nan,Q
347,0,2,Passenger 347,female,39.9,0,0,TKT00347,24.13,nan,S
348,0,1,Passenger 348,male,,1,1,TKT00348,29.24,G6,S
349,0,1,Passenger 349,male,22.4,0,0,TKT00349,41.97,nan,S
350,0,3,Passenger 350,male,20.2,0,0,TKT00350,11.55,nan,S
351,0,2,Passenger 351,male,,1,0,TKT00351,11.63,nan,S
352,0,2,Passenger 352,male,31.7,1,0,TKT00352,64.12,nan,Q
353,0,1,Passenger 353,male,37.8,0,1,TKT00353,37.22,nan,C
354,0,2,Passenger 354,male,30.8,0,1,TKT00354,14.69,nan,S
355,1,2,Passenger 355,male,40.5,0,0,TKT00355,18.43,nan,S
356,0,3,Passenger 356,male,30.3,1,0,TKT00356,18.5,nan,C
357,1,1,Passenger 357,female,40.0,1,0,TKT00357,20.6,nan,S
358,0,3,Passenger 358,female,41.2,2,0,TKT00358,29.32,A5,C
359,1,3,Passenger 359,male,17.7,0,0,TKT00359,152.63,G6,S
360,0,1,Passenger 360,male,,1,0,TKT00360,23.38,G6,n
361,0,1,Passenger 361,female,50.6,1,0,TKT00361,34.13,nan,C
362,0,1,Passenger 362,male,32.6,0,0,TKT00362,5.21,A5,S
363,0,3,Passenger 363,male,5.0,0,0,TKT00363,13.63,nan,S
364,1,1,Passenger 364,male,19.0,2,2,TKT00364,53.68,nan,C
365,0,3,Passenger 365,female,39.8,2,1,TKT00365,27.71,nan,S
366,0,3,Passenger 366,male,,0,1,TKT00366,4.0,nan,S
367,1,3,Passenger 367,female,21.8,1,0,TKT00367,34.44,nan,S
368,0,3,Passenger 368,female,48.6,0,0,TKT00368,93.18,nan,S
369,1,3,Passenger 369,male,14.3,1,1,TKT00369,4.07,nan,S
370,0,1,Passenger 370,female,17.8,3,0,TKT00370,67.73,nan,S
371,1,2,Passenger 371,female,32.0,0,0,TKT00371,4.0,nan,S
372,0,2,Passenger 372,male,,0,1,TKT00372,42.54,nan,C
373,0,3,Passenger 373,male,35.9,0,0,TKT00373,19.95,D33,S
374,0,3,Passenger 374,male,41.8,1,0,TKT00374,4.0,nan,S
375,0,3,Passenger 375,male,,0,0,TKT00375,28.7,nan,S
376,0,1,Passenger 376,male,35.9,0,0,TKT00376,50.43,G6,C
377,0,3,Passenger 377,female,25.4,0,0,TKT00377,26.87,nan,S
378,0,3,Passenger 378,male,29.9,0,2,TKT00378,32.07,nan,C
379,0,3,Passenger 379,male,30.5,1,0,TKT00379,14.45,nan,S
380,0,3,Passenger 380,female,32.0,0,0,TKT00380,4.53,nan,S
381,0,2,Passenger 381,male,,2,0,TKT00381,34.94,C85,Q
382,1,2,Passenger 382,female,36.8,1,0,TKT00382,81.43,nan,C
383,1,3,Passenger 383,female,29.6,0,0,TKT00383,49.58,nan,S
384,0,1,Passenger 384,male,17.7,0,0,TKT00384,4.09,A5,S
385,0,2,Passenger 385,male,29.9,0,0,TKT00385,5.98,nan,S
386,0,1,Passenger 386,female,28.6,3,0,TKT00386,10.21,nan,S
387,0,1,Passenger 387,female,31.7,0,1,TKT00387,5.62,nan,C
388,0,3,Passenger 388,female,,1,0,TKT00388,20.81,nan,C
389,0,3,Passenger 389,male,21.7,0,1,TKT00389,27.52,nan,S
390,0,2,Passenger 390,female,34.9,0,0,TKT00390,6.4,nan,S
391,0,2,Passenger 391,male,44.0,0,0,TKT00391,37.4,D33,S
392,1,2,Passenger 392,male,,0,0,TKT00392,32.49,nan,S
393,0,3,Passenger 393,male,61.7,0,0,TKT00393,12.95,nan,C
394,1,3,Passenger 394,female,23.7,0,0,TKT00394,17.5,nan,S
395,0,3,Passenger 395,male,,0,0,TKT00395,4.22,nan,S
396,0,2,Passenger 396,male,17.8,0,0,TKT00396,15.4,A5,S
397,1,2,Passenger 397,female,24.1,0,0,TKT00397,20.2,nan,Q
398,0,3,Passenger 398,male,,0,0,TKT00398,22.99,A5,S
399,0,3,Passenger 399,male,,1,0,TKT00399,27.2,nan,S
400,0,3,Passenger 400,male,33.5,1,0,TKT00400,24.42,nan,S
401,0,3,Passenger 401,male,46.6,0,1,TKT00401,16.26,nan,S
402,0,3,Passenger 402,female,,1,0,TKT00402,25.25,nan,S
403,0,2,Passenger 403,female,24.3,0,0,TKT00403,44.77,nan,S
404,1,2,Passenger 404,male,66.9,0,0,TKT00404,18.61,nan,S
405,0,2,Passenger 405,female,34.5,0,1,TKT00405,25.9,nan,S
406,1,1,Passenger 406,female,,4,0,TKT00406,17.31,nan,C
407,0,1,Passenger 407,male,19.3,1,2,TKT00407,11.97,nan,S
408,0,3,Passenger 408,female,15.8,1,0,TKT00408,30.52,nan,S
409,0,2,Passenger 409,male,42.1,0,0,TKT00409,12.88,nan,S
410,0,1,Passenger 410,female,23.9,1,0,TKT00410,27.36,nan,C
411,0,3,Passenger 411,female,30.8,1,0,TKT00411,20.54,nan,C
412,0,3,Passenger 412,female,,0,0,TKT00412,15.75,nan,C
413,0,2,Passenger 413,male,39.2,1,1,TKT00413,15.45,nan,S
414,0,3,Passenger 414,female,17.1,0,0,TKT00414,13.38,nan,S
415,0,3,Passenger 415,male,,0,0,TKT00415,5.38,nan,S
416,0,3,Passenger 416,male,32.1,0,0,TKT00416,27.28,nan,S
417,0,3,Passenger 417,male,,0,0,TKT00417,24.17,nan,S
418,1,1,Passenger 418,female,33.7,0,1,TKT00418,39.64,nan,S
419,0,3,Passenger 419,male,17.7,3,0,TKT00419,13.13,nan,S
420,1,2,Passenger 420,female,38.5,0,0,TKT00420,91.5,nan,S
421,0,3,Passenger 421,female,18.6,1,0,TKT00421,14.82,nan,S
422,0,3,Passenger 422,male,,0,0,TKT00422,9.97,nan,S
423,0,1,Passenger 423,male,15.8,1,1,TKT00423,9.07,nan,C
424,0,1,Passenger 424,male,47.2,1,0,TKT00424,5.02,nan,S
425,0,3,Passenger 425,male,37.9,0,1,TKT00425,68.45,C85,C
426,0,3,Passenger 426,female,37.5,0,1,TKT00426,60.15,nan,S
427,0,1,Passenger 427,male,46.5,0,0,TKT00427,32.48,B28,C
428,0,3,Passenger 428,female,68.4,0,1,TKT00428,9.81,nan,C
429,1,3,Passenger 429,male,5.1,1,0,TKT00429,85.54,nan,S
430,0,3,Passenger 430,female,18.7,0,0,TKT00430,15.16,A5,Q
431,0,3,Passenger 431,female,,1,0,TKT00431,16.2,C85,S
432,1,1,Passenger 432,female,,1,0,TKT00432,63.42,A5,S
433,1,3,Passenger 433,female,,1,0,TKT00433,34.03,B28,C
434,0,2,Passenger 434,female,24.8,0,1,TKT00434,116.85,nan,S
435,0,3,Passenger 435,male,12.0,0,0,TKT00435,24.51,nan,S
436,0,2,Passenger 436,male,33.7,1,0,TKT00436,14.62,nan,S
437,0,3,Passenger 437,male,29.7,0,0,TKT00437,12.31,nan,S
438,1,2,Passenger 438,male,35.7,0,0,TKT00438,4.58,nan,S
439,1,1,Passenger 439,female,,1,0,TKT00439,16.07,B28,S
440,0,3,Passenger 440,male,,0,0,TKT00440,50.18,A5,S
441,0,3,Passenger 441,female,23.8,4,0,TKT00441,32.43,nan,S
442,0,3,Passenger 442,male,58.7,1,0,TKT00442,20.41,nan,S
443,0,3,Passenger 443,female,32.3,0,0,TKT00443,9.06,nan,S
444,1,3,Passenger 444,male,2.9,0,0,TKT00444,24.08,nan,S
445,0,3,Passenger 445,male,,1,2,TKT00445,45.16,nan,S
446,1,1,Passenger 446,female,,1,2,TKT00446,28.35,nan,S
447,0,3,Passenger 447,female,29.2,0,1,TKT00447,22.95,nan,C
448,0,3,Passenger 448,male,,0,1,TKT00448,10.62,nan,C
449,1,2,Passenger 449,male,,0,0,TKT00449,40.2,nan,S
450,0,1,Passenger 450,male,,0,0,TKT00450,4.0,nan,S
451,0,3,Passenger 451,male,36.7,0,1,TKT00451,27.28,nan,C
452,0,3,Passenger 452,female,39.2,1,0,TKT00452,157.0,nan,C
453,0,3,Passenger 453,female,16.0,0,0,TKT00453,6.01,A5,S
454,0,3,Passenger 454,male,15.0,0,0,TKT00454,16.56,nan,S
455,1,3,Passenger 455,male,29.5,0,1,TKT00455,19.96,nan,S
456,0,2,Passenger 456,male,31.4,0,0,TKT00456,13.87,nan,S
457,0,2,Passenger 457,female,3.0,1,0,TKT00457,46.02,nan,C
458,0,2,Passenger 458,male,26.5,0,0,TKT00458,29.31,nan,S
459,1,1,Passenger 459,female,29.2,0,0,TKT00459,22.69,A5,S
460,0,3,Passenger 460,male,26.0,0,1,TKT00460,38.01,nan,S
461,0,3,Passenger 461,male,17.6,0,0,TKT00461,20.36,nan,C
462,0,2,Passenger 462,male,21.4,1,0,TKT00462,255.67,D33,S
463,0,2,Passenger 463,female,26.5,1,0,TKT00463,22.67,nan,C
464,0,3,Passenger 464,male,30.3,0,0,TKT00464,23.48,nan,S
465,0,1,Passenger 465,male,37.5,0,0,TKT00465,5.11,D33,S
466,0,3,Passenger 466,female,44.1,0,1,TKT00466,13.0,nan,S
467,1,3,Passenger 467,male,24.9,1,1,TKT00467,50.29,C85,S
468,1,3,Passenger 468,female,22.6,2,0,TKT00468,6.9,nan,Q
469,0,1,Passenger 469,male,35.1,0,0,TKT00469,4.0,A5,S
470,0,3,Passenger 470,male,,0,0,TKT00470,20.61,G6,S
471,0,2,Passenger 471,male,22.9,0,0,TKT00471,60.14,D33,S
472,0,3,Passenger 472,male,40.1,1,0,TKT00472,20.78,nan,S
473,0,1,Passenger 473,male,42.7,1,1,TKT00473,15.35,nan,S
474,0,3,Passenger 474,male,47.1,0,0,TKT00474,4.54,nan,C
475,0,3,Passenger 475,male,53.9,1,1,TKT00475,28.84,nan,S
476,0,1,Passenger 476,male,16.9,1,0,TKT00476,34.09,nan,S
477,0,1,Passenger 477,male,29.2,3,0,TKT00477,4.83,nan,S
478,0,1,Passenger 478,male,29.2,1,0,TKT00478,49.78,nan,S
479,0,2,Passenger 479,male,,1,2,TKT00479,37.06,nan,S
480,1,1,Passenger 480,male,,0,0,TKT00480,49.69,A5,S
481,0,3,Passenger 481,male,8.2,0,1,TKT00481,32.03,nan,S
482,0,2,Passenger 482,male,30.3,0,0,TKT00482,33.88,nan,S
483,0,3,Passenger 483,male,18.2,0,1,TKT00483,30.46,nan,C
484,0,3,Passenger 484,male,30.2,1,0,TKT00484,40.24,D33,C
485,0,1,Passenger 485,male,,1,0,TKT00485,4.69,nan,S
486,0,3,Passenger 486,male,,1,0,TKT00486,6.04,nan,S
487,0,3,Passenger 487,male,32.3,0,1,TKT00487,11.15,nan,S
488,0,3,Passenger 488,male,31.1,2,0,TKT00488,18.1,nan,S
489,0,2,Passenger 489,male,37.1,0,0,TKT00489,27.4,nan,S
490,0,2,Passenger 490,male,59.6,0,0,TKT00490,26.04,nan,S
491,0,1,Passenger 491,female,32.9,1,0,TKT00491,49.09,nan,C
492,0,3,Passenger 492,male,35.8,1,0,TKT00492,50.34,G6,S
493,0,3,Passenger 493,female,13.9,1,0,TKT00493,10.0,nan,S
494,0,3,Passenger 494,male,11.0,0,0,TKT00494,24.31,nan,S
495,1,1,Passenger 495,female,,4,1,TKT00495,10.19,B28,S
496,0,3,Passenger 496,male,16.1,0,1,TKT00496,17.28,nan,S
497,0,2,Passenger 497,male,14.4,0,0,TKT00497,25.98,nan,S
498,0,3,Passenger 498,male,,0,0,TKT00498,4.0,D33,S
499,0,1,Passenger 499,male,27.7,0,1,TKT00499,138.24,nan,C
500,1,3,Passenger 500,male,16.4,1,0,TKT00500,31.6,nan,C
501,0,3,Passenger 501,female,24.7,0,0,TKT00501,12.47,C85,S
502,1,1,Passenger 502,female,46.2,0,0,TKT00502,93.87,nan,Q
503,1,1,Passenger 503,female,17.7,0,0,TKT00503,15.21,E46,S
504,0,3,Passenger 504,male,9.5,0,1,TKT00504,22.33,nan,C
505,0,1,Passenger 505,male,42.2,1,1,TKT00505,13.6,nan,S
506,0,3,Passenger 506,female,35.9,1,0,TKT00506,75.31,D33,S
507,0,3,Passenger 507,male,,0,0,TKT00507,18.47,nan,S
508,1,3,Passenger 508,female,6.8,1,0,TKT00508,22.64,nan,S
509,0,2,Passenger 509,male,,0,0,TKT00509,52.62,E46,S
510,1,2,Passenger 510,male,28.2,0,0,TKT00510,32.08,nan,S
511,0,1,Passenger 511,male,45.3,1,0,TKT00511,19.23,nan,S
512,0,3,Passenger 512,female,14.5,0,0,TKT00512,48.83,nan,S
513,0,2,Passenger 513,male,,0,1,TKT00513,153.05,nan,S
514,1,1,Passenger 514,male,38.5,1,0,TKT00514,25.89,nan,Q
515,0,2,Passenger 515,male,0.5,0,0,TKT00515,22.05,nan,S
516,0,3,Passenger 516,male,43.5,1,0,TKT00516,23.02,E46,Q
517,0,1,Passenger 517,male,12.4,1,1,TKT00517,57.3,nan,S
518,1,3,Passenger 518,female,33.6,0,0,TKT00518,12.44,nan,S
519,0,3,Passenger 519,male,32.5,1,0,TKT00519,16.08,B28,S
520,0,3,Passenger 520,female,44.2,0,0,TKT00520,5.87,nan,S
521,1,3,Passenger 521,female,36.7,0,0,TKT00521,7.79,nan,S
522,0,3,Passenger 522,male,0.5,0,0,TKT00522,13.27,B28,C
523,0,3,Passenger 523,male,,1,2,TKT00523,19.21,nan,S
524,1,1,Passenger 524,male,30.9,1,1,TKT00524,82.7,nan,C
525,0,3,Passenger 525,male,26.3,0,1,TKT00525,30.84,nan,S
526,0,3,Passenger 526,male,35.7,0,0,TKT00526,9.68,nan,S
527,1,3,Passenger 527,female,40.1,1,0,TKT00527,11.22,nan,S
528,0,3,Passenger 528,female,,0,0,TKT00528,60.33,nan,Q
529,1,3,Passenger 529,female,26.0,1,1,TKT00529,49.47,nan,S
530,0,3,Passenger 530,male,,0,0,TKT00530,20.54,nan,S
531,0,3,Passenger 531,female,22.6,0,0,TKT00531,14.1,nan,S
532,0,3,Passenger 532,female,34.8,1,2,TKT00532,49.4,E46,S
533,0,2,Passenger 533,male,13.7,0,0,TKT00533,9.07,nan,Q
534,0,2,Passenger 534,male,37.8,0,0,TKT00534,27.48,nan,C
535,0,2,Passenger 535,male,,0,1,TKT00535,123.73,nan,S
536,0,1,Passenger 536,male,30.8,0,0,TKT00536,23.67,nan,Q
537,1,1,Passenger 537,male,0.5,0,1,TKT00537,10.8,nan,C
538,0,3,Passenger 538,male,11.1,0,1,TKT00538,27.89,B28,S
539,0,2,Passenger 539,male,55.4,0,0,TKT00539,13.79,nan,S
540,0,3,Passenger 540,female,21.3,1,0,TKT00540,6.58,B28,S
541,0,3,Passenger 541,female,1.2,0,0,TKT00541,35.19,nan,S
542,0,1,Passenger 542,male,46.3,2,1,TKT00542,49.12,nan,S
543,0,1,Passenger 543,female,,0,1,TKT00543,15.66,nan,S
544,1,1,Passenger 544,female,44.5,0,0,TKT00544,14.85,B28,Q
545,0,3,Passenger 545,male,32.9,0,1,TKT00545,9.31,A5,Q
546,0,1,Passenger 546,male,35.4,0,0,TKT00546,17.82,nan,S
547,0,3,Passenger 547,male,34.1,0,0,TKT00547,12.81,A5,S
548,0,3,Passenger 548,male,38.8,0,0,TKT00548,8.95,nan,S
549,0,3,Passenger 549,female,60.9,0,1,TKT00549,91.26,nan,S
550,0,1,Passenger 550,male,42.6,1,0,TKT00550,29.17,nan,S
551,0,1,Passenger 551,male,6.9,0,0,TKT00551,31.75,nan,S
552,1,1,Passenger 552,male,35.3,2,0,TKT00552,40.72,A5,S
553,1,1,Passenger 553,male,45.0,0,1,TKT00553,37.22,A5,S
554,0,1,Passenger 554,female,45.8,0,1,TKT00554,14.43,nan,S
555,0,3,Passenger 555,male,23.0,0,1,TKT00555,24.98,A5,S
556,0,3,Passenger 556,male,45.3,1,0,TKT00556,16.2,A5,C
557,0,3,Passenger 557,male,42.0,0,0,TKT00557,28.52,nan,S
558,0,3,Passenger 558,male,65.0,0,0,TKT00558,26.4,nan,S
559,0,1,Passenger 559,male,18.5,0,1,TKT00559,14.79,nan,S
560,0,3,Passenger 560,male,21.9,0,0,TKT00560,6.93,C85,S
561,0,3,Passenger 561,male,,0,1,TKT00561,22.58,nan,S
562,0,3,Passenger 562,male,22.1,1,0,TKT00562,17.06,D33,S
563,0,3,Passenger 563,female,16.5,0,1,TKT00563,4.43,nan,S
564,0,2,Passenger 564,male,0.5,0,1,TKT00564,30.15,nan,S
565,1,1,Passenger 565,male,22.9,0,1,TKT00565,43.48,nan,S
566,1,1,Passenger 566,female,,0,1,TKT00566,151.82,G6,S
567,0,2,Passenger 567,female,22.1,0,1,TKT00567,14.69,nan,S
568,0,3,Passenger 568,male,56.1,1,1,TKT00568,13.05,nan,S
569,0,2,Passenger 569,male,29.2,0,0,TKT00569,8.27,nan,S
570,0,3,Passenger 570,male,47.1,0,1,TKT00570,23.73,nan,S
571,0,3,Passenger 571,male,32.7,0,0,TKT00571,23.61,nan,S
572,0,1,Passenger 572,female,40.6,0,1,TKT00572,10.5,nan,S
573,0,2,Passenger 573,male,32.9,1,0,TKT00573,17.46,C85,S
574,1,3,Passenger 574,female,48.2,0,0,TKT00574,4.13,nan,S
575,0,3,Passenger 575,female,29.8,1,0,TKT00575,42.14,nan,S
576,0,2,Passenger 576,male,,0,0,TKT00576,10.84,A5,S
577,1,1,Passenger 577,female,34.1,0,0,TKT00577,19.54,nan,S
578,0,3,Passenger 578,male,,1,0,TKT00578,6.42,nan,C
579,0,1,Passenger 579,female,34.7,2,0,TKT00579,12.61,nan,Q
580,0,3,Passenger 580,male,60.3,3,0,TKT00580,16.06,nan,Q
581,0,1,Passenger 581,male,25.2,1,0,TKT00581,19.9,E46,S
582,0,1,Passenger 582,male,34.9,1,0,TKT00582,29.48,nan,S
583,0,3,Passenger 583,male,46.6,1,0,TKT00583,63.51,A5,S
584,1,3,Passenger 584,male,,1,0,TKT00584,36.1,nan,S
585,1,3,Passenger 585,female,,3,1,TKT00585,43.37,nan,S
586,0,2,Passenger 586,male,0.5,1,0,TKT00586,63.87,nan,S
587,0,3,Passenger 587,male,36.2,2,0,TKT00587,31.68,nan,S
588,0,3,Passenger 588,male,0.5,0,0,TKT00588,19.5,nan,S
589,0,3,Passenger 589,male,,0,3,TKT00589,45.03,nan,S
590,0,2,Passenger 590,male,31.4,1,0,TKT00590,47.39,nan,S
591,0,1,Passenger 591,female,43.0,1,0,TKT00591,33.75,nan,Q
592,0,3,Passenger 592,male,16.4,0,0,TKT00592,6.27,nan,S
593,0,1,Passenger 593,male,7.3,0,0,TKT00593,10.25,nan,S
594,0,3,Passenger 594,male,32.7,0,0,TKT00594,16.12,B28,Q
595,0,1,Passenger 595,male,28.5,1,0,TKT00595,37.48,nan,S
596,1,3,Passenger 596,male,,0,1,TKT00596,19.75,nan,S
597,0,3,Passenger 597,female,30.2,1,0,TKT00597,49.87,nan,S
598,0,3,Passenger 598,male,67.7,1,1,TKT00598,57.52,nan,S
599,0,3,Passenger 599,female,,0,0,TKT00599,52.42,nan,S
600,0,1,Passenger 600,male,43.7,0,0,TKT00600,52.69,nan,C
601,0,3,Passenger 601,male,40.8,0,0,TKT00601,8.76,nan,C
602,1,3,Passenger 602,female,49.7,0,0,TKT00602,29.55,nan,C
603,0,3,Passenger 603,female,26.3,1,0,TKT00603,12.35,E46,Q
604,1,2,Passenger 604,female,0.5,0,0,TKT00604,5.37,nan,S
605,0,3,Passenger 605,female,,0,0,TKT00605,15.96,nan,C
606,0,3,Passenger 606,female,40.4,0,0,TKT00606,57.96,nan,S
607,0,3,Passenger 607,female,,1,0,TKT00607,29.04,nan,S
608,0,2,Passenger 608,male,26.5,1,1,TKT00608,100.91,nan,C
609,0,3,Passenger 609,female,,0,0,TKT00609,23.15,nan,C
610,0,3,Passenger 610,male,50.0,0,0,TKT00610,142.34,G6,C
611,0,3,Passenger 611,male,39.5,0,1,TKT00611,23.15,nan,S
612,0,2,Passenger 612,female,38.1,1,1,TKT00612,20.45,C85,S
613,1,2,Passenger 613,female,37.7,0,0,TKT00613,7.22,nan,S
614,1,3,Passenger 614,female,28.5,1,0,TKT00614,48.84,nan,S
615,0,3,Passenger 615,male,31.8,3,0,TKT00615,13.44,A5,C
616,0,3,Passenger 616,female,12.4,1,1,TKT00616,11.97,E46,C
617,0,3,Passenger 617,female,0.5,1,0,TKT00617,55.98,D33,S
618,1,1,Passenger 618,male,31.1,2,0,TKT00618,50.73,nan,S
619,0,3,Passenger 619,male,33.5,2,0,TKT00619,49.68,D33,S
620,0,1,Passenger 620,male,,0,0,TKT00620,15.03,D33,S
621,0,1,Passenger 621,female,51.0,2,0,TKT00621,19.28,nan,S
622,0,3,Passenger 622,male,51.0,0,3,TKT00622,19.15,nan,Q
623,0,3,Passenger 623,female,15.0,1,0,TKT00623,37.56,nan,S
624,0,3,Passenger 624,male,24.1,0,0,TKT00624,69.61,nan,Q
625,0,2,Passenger 625,female,35.7,0,0,TKT00625,26.96,G6,S
626,0,1,Passenger 626,male,64.4,0,0,TKT00626,97.51,nan,C
627,0,3,Passenger 627,female,49.7,0,0,TKT00627,41.17,nan,S
628,0,1,Passenger 628,male,,1,0,TKT00628,16.65,nan,S
629,0,1,Passenger 629,male,23.6,1,0,TKT00629,38.98,nan,S
630,0,2,Passenger 630,female,,0,1,TKT00630,78.63,nan,S
631,0,3,Passenger 631,female,,0,0,TKT00631,99.35,nan,C
632,1,3,Passenger 632,female,,0,0,TKT00632,51.91,E46,S
633,0,3,Passenger 633,male,,0,0,TKT00633,20.5,nan,S
634,0,3,Passenger 634,male,27.4,0,1,TKT00634,16.89,nan,S
635,0,1,Passenger 635,male,51.3,0,2,TKT00635,31.84,C85,S
636,0,2,Passenger 636,male,,0,0,TKT00636,76.64,D33,S
637,1,3,Passenger 637,female,0.5,1,0,TKT00637,28.42,nan,S
638,0,1,Passenger 638,female,36.1,2,0,TKT00638,28.89,nan,S
639,0,2,Passenger 639,female,19.2,0,0,TKT00639,20.93,E46,S
640,0,2,Passenger 640,female,29.6,0,1,TKT00640,15.45,nan,C
641,1,1,Passenger 641,female,,0,1,TKT00641,17.64,A5,C
642,0,3,Passenger 642,female,25.2,0,1,TKT00642,22.38,nan,S
643,0,3,Passenger 643,male,,0,0,TKT00643,79.4,A5,S
644,0,1,Passenger 644,male,,0,0,TKT00644,16.58,nan,C
645,1,3,Passenger 645,male,21.8,0,0,TKT00645,20.95,nan,S
646,1,3,Passenger 646,female,,1,1,TKT00646,10.05,D33,Q
647,0,3,Passenger 647,male,,1,0,TKT00647,35.63,nan,S
648,0,3,Passenger 648,male,6.5,0,0,TKT00648,59.94,nan,S
649,0,2,Passenger 649,female,,0,0,TKT00649,73.67,B28,S
650,0,3,Passenger 650,male,44.7,1,0,TKT00650,23.63,nan,S
651,1,2,Passenger 651,male,28.4,0,0,TKT00651,31.8,nan,S
652,1,2,Passenger 652,female,1.5,0,0,TKT00652,17.76,A5,S
653,0,1,Passenger 653,female,38.9,1,0,TKT00653,30.64,B28,S
654,0,3,Passenger 654,male,5.8,0,0,TKT00654,25.82,nan,C
655,0,2,Passenger 655,female,33.3,1,1,TKT00655,21.04,nan,S
656,0,2,Passenger 656,male,16.6,0,0,TKT00656,22.43,B28,S
657,0,3,Passenger 657,female,12.8,0,0,TKT00657,28.83,E46,S
658,0,2,Passenger 658,male,22.8,0,0,TKT00658,15.87,nan,S
659,0,2,Passenger 659,male,26.4,1,0,TKT00659,16.54,nan,S
660,0,1,Passenger 660,male,,1,0,TKT00660,78.72,E46,S
661,0,2,Passenger 661,male,37.2,1,0,TKT00661,175.64,nan,S
662,0,2,Passenger 662,female,22.8,1,0,TKT00662,7.66,nan,S
663,0,2,Passenger 663,male,42.7,1,0,TKT00663,7.33,nan,S
664,1,1,Passenger 664,male,32.9,1,1,TKT00664,9.34,nan,S
665,0,3,Passenger 665,male,19.2,0,0,TKT00665,18.49,nan,C
666,0,3,Passenger 666,female,,0,0,TKT00666,41.13,B28,S
667,0,3,Passenger 667,female,5.9,0,0,TKT00667,32.23,nan,S
668,1,3,Passenger 668,female,33.1,0,1,TKT00668,23.05,nan,Q
669,0,3,Passenger 669,male,,0,0,TKT00669,30.67,nan,S
670,0,3,Passenger 670,male,,0,0,TKT00670,11.55,nan,S
671,0,3,Passenger 671,male,21.5,0,0,TKT00671,16.52,nan,C
672,0,3,Passenger 672,male,16.4,0,1,TKT00672,19.77,D33,S
673,0,3,Passenger 673,female,51.1,1,1,TKT00673,5.66,nan,C
674,1,3,Passenger 674,female,5.2,1,1,TKT00674,7.93,nan,S
675,0,3,Passenger 675,male,8.8,0,0,TKT00675,8.19,E46,Q
676,0,1,Passenger 676,male,44.5,0,1,TKT00676,37.01,nan,Q
677,0,1,Passenger 677,female,,1,0,TKT00677,24.44,nan,S
678,0,3,Passenger 678,male,18.6,1,1,TKT00678,32.75,nan,C
679,0,3,Passenger 679,male,20.2,0,1,TKT00679,4.61,nan,S
680,0,2,Passenger 680,male,37.6,0,2,TKT00680,6.13,A5,S
681,0,3,Passenger 681,male,0.5,1,0,TKT00681,34.14,nan,S
682,0,3,Passenger 682,male,,0,0,TKT00682,4.0,nan,S
683,0,3,Passenger 683,male,25.1,0,0,TKT00683,53.5,G6,S
684,0,1,Passenger 684,male,50.7,0,1,TKT00684,4.67,nan,S
685,0,1,Passenger 685,male,22.9,0,0,TKT00685,39.44,nan,S
686,1,3,Passenger 686,male,30.4,1,0,TKT00686,9.87,nan,S
687,0,3,Passenger 687,male,44.9,0,0,TKT00687,46.48,nan,C
688,1,3,Passenger 688,female,,1,1,TKT00688,261.52,G6,S
689,0,3,Passenger 689,female,20.9,0,0,TKT00689,4.0,nan,C
690,0,3,Passenger 690,male,28.8,2,2,TKT00690,35.03,nan,C
691,0,2,Passenger 691,male,54.5,0,1,TKT00691,4.73,nan,C
692,0,2,Passenger 692,female,,1,1,TKT00692,28.26,nan,S
693,0,2,Passenger 693,male,,3,0,TKT00693,17.02,nan,C
694,0,3,Passenger 694,male,14.7,0,0,TKT00694,22.28,nan,C
695,0,3,Passenger 695,female,30.4,1,0,TKT00695,9.69,nan,C
696,1,2,Passenger 696,male,25.6,0,0,TKT00696,37.5,nan,C
697,1,3,Passenger 697,female,15.6,1,0,TKT00697,6.3,nan,S
698,1,2,Passenger 698,male,15.2,0,0,TKT00698,54.23,nan,S
699,1,1,Passenger 699,female,32.9,0,0,TKT00699,14.48,nan,C
700,0,1,Passenger 700,male,42.9,0,0,TKT00700,6.54,nan,S
701,0,1,Passenger 701,male,27.2,0,0,TKT00701,71.95,nan,C
702,0,3,Passenger 702,male,30.0,0,2,TKT00702,19.03,nan,S
703,0,2,Passenger 703,male,37.0,1,0,TKT00703,92.4,nan,S
704,0,3,Passenger 704,female,,0,0,TKT00704,53.36,D33,S
705,0,3,Passenger 705,male,39.4,0,0,TKT00705,10.61,nan,S
706,0,1,Passenger 706,male,,1,1,TKT00706,18.77,nan,Q
707,0,1,Passenger 707,female,65.5,1,0,TKT00707,22.13,A5,S
708,0,3,Passenger 708,female,23.7,1,0,TKT00708,68.1,nan,S
709,0,2,Passenger 709,male,22.6,0,0,TKT00709,28.5,nan,S
710,0,3,Passenger 710,male,39.8,1,1,TKT00710,23.13,nan,Q
711,0,1,Passenger 711,female,,0,0,TKT00711,17.12,nan,S
712,0,3,Passenger 712,female,21.5,0,0,TKT00712,19.29,nan,S
713,0,3,Passenger 713,female,23.4,0,1,TKT00713,57.04,nan,S
714,0,1,Passenger 714,female,36.6,0,2,TKT00714,20.15,nan,S
715,0,2,Passenger 715,female,,1,1,TKT00715,14.64,nan,Q
716,0,3,Passenger 716,male,23.3,0,0,TKT00716,12.79,nan,Q
717,0,2,Passenger 717,male,,1,0,TKT00717,12.9,nan,S
718,0,2,Passenger 718,male,42.9,1,0,TKT00718,6.54,nan,S
719,1,2,Passenger 719,female,,0,0,TKT00719,11.02,A5,S
720,1,2,Passenger 720,female,3.2,0,0,TKT00720,66.6,nan,S
721,1,3,Passenger 721,male,2.2,1,0,TKT00721,17.03,nan,S
722,1,3,Passenger 722,male,11.4,1,0,TKT00722,35.29,nan,S
723,0,2,Passenger 723,male,10.6,0,0,TKT00723,4.0,nan,S
724,1,3,Passenger 724,female,26.8,0,0,TKT00724,31.65,nan,C
725,0,1,Passenger 725,male,12.4,0,0,TKT00725,17.65,nan,S
726,0,1,Passenger 726,male,19.2,0,2,TKT00726,13.67,nan,S
727,0,3,Passenger 727,male,18.2,0,0,TKT00727,23.21,nan,S
728,0,3,Passenger 728,male,22.8,0,0,TKT00728,13.51,nan,S
729,0,1,Passenger 729,male,47.5,1,1,TKT00729,4.0,nan,S
730,0,1,Passenger 730,male,38.3,0,1,TKT00730,42.01,nan,S
731,0,3,Passenger 731,male,29.2,0,0,TKT00731,24.4,nan,S
732,0,3,Passenger 732,male,22.5,0,1,TKT00732,15.62,D33,C
733,0,1,Passenger 733,male,22.9,0,1,TKT00733,9.27,nan,C
734,1,2,Passenger 734,male,33.6,1,0,TKT00734,6.2,nan,Q
735,0,3,Passenger 735,male,37.2,1,0,TKT00735,24.03,nan,S
736,0,2,Passenger 736,female,,0,0,TKT00736,73.02,nan,S
737,0,1,Passenger 737,male,,1,0,TKT00737,23.63,nan,S
738,0,1,Passenger 738,male,,0,0,TKT00738,6.64,nan,S
739,0,2,Passenger 739,male,32.0,3,0,TKT00739,24.05,nan,Q
740,0,3,Passenger 740,male,,0,0,TKT00740,19.25,E46,Q
741,0,3,Passenger 741,male,25.1,2,0,TKT00741,40.09,E46,S
742,0,3,Passenger 742,male,54.4,0,0,TKT00742,32.64,nan,S
743,1,3,Passenger 743,female,16.7,0,1,TKT00743,4.0,nan,S
744,0,3,Passenger 744,male,32.0,0,1,TKT00744,31.07,nan,S
745,0,2,Passenger 745,male,28.5,1,0,TKT00745,9.0,nan,Q
746,0,2,Passenger 746,male,27.6,0,1,TKT00746,6.44,nan,S
747,1,3,Passenger 747,male,,0,0,TKT00747,17.27,nan,S
748,0,2,Passenger 748,male,30.5,0,1,TKT00748,27.9,nan,S
749,1,3,Passenger 749,female,40.9,0,1,TKT00749,5.41,A5,S
750,0,3,Passenger 750,female,48.3,0,1,TKT00750,35.29,nan,S
751,0,1,Passenger 751,male,29.0,0,0,TKT00751,36.99,nan,C
752,0,3,Passenger 752,male,40.4,1,1,TKT00752,20.85,nan,S
753,0,1,Passenger 753,male,19.2,0,0,TKT00753,10.03,D33,S
754,0,1,Passenger 754,male,39.7,0,0,TKT00754,9.18,nan,S
755,0,3,Passenger 755,female,18.3,0,0,TKT00755,45.64,nan,S
756,0,2,Passenger 756,male,44.3,0,0,TKT00756,6.0,C85,S
757,0,3,Passenger 757,male,59.9,0,0,TKT00757,47.07,nan,S
758,0,3,Passenger 758,female,27.3,0,0,TKT00758,17.6,D33,S
759,0,3,Passenger 759,male,0.5,0,0,TKT00759,18.6,nan,S
760,0,2,Passenger 760,male,21.3,1,1,TKT00760,5.12,nan,C
761,0,2,Passenger 761,female,46.2,0,0,TKT00761,17.86,nan,S
762,0,2,Passenger 762,male,36.7,0,0,TKT00762,32.81,nan,Q
763,0,1,Passenger 763,male,32.5,0,0,TKT00763,6.9,nan,S
764,0,3,Passenger 764,male,43.1,0,2,TKT00764,29.93,nan,S
765,0,2,Passenger 765,female,,0,0,TKT00765,21.57,nan,S
766,0,1,Passenger 766,male,46.0,0,0,TKT00766,12.0,nan,S
767,0,3,Passenger 767,male,41.9,0,0,TKT00767,39.79,nan,S
768,0,2,Passenger 768,male,50.3,3,0,TKT00768,4.0,A5,S
769,0,1,Passenger 769,male,34.0,0,0,TKT00769,26.51,B28,C
770,0,1,Passenger 770,male,,0,0,TKT00770,73.37,nan,S
771,0,3,Passenger 771,male,24.7,0,0,TKT00771,63.56,nan,S
772,0,3,Passenger 772,male,20.6,0,0,TKT00772,27.44,nan,Q
773,0,1,Passenger 773,male,52.9,0,0,TKT00773,15.78,nan,S
774,1,3,Passenger 774,female,32.0,0,0,TKT00774,12.08,nan,Q
775,0,3,Passenger 775,male,40.3,0,0,TKT00775,15.76,nan,C
776,1,3,Passenger 776,female,30.7,0,0,TKT00776,31.03,nan,C
777,0,1,Passenger 777,male,20.8,1,0,TKT00777,10.53,nan,C
778,1,1,Passenger 778,male,29.2,1,0,TKT00778,36.82,A5,S
779,1,3,Passenger 779,female,49.1,0,0,TKT00779,110.67,nan,S
780,1,2,Passenger 780,female,36.8,0,2,TKT00780,19.12,nan,C
781,0,3,Passenger 781,male,5.0,0,0,TKT00781,6.85,nan,C
782,0,3,Passenger 782,female,26.0,0,1,TKT00782,6.85,nan,S
783,0,1,Passenger 783,male,,0,0,TKT00783,37.38,nan,S
784,0,3,Passenger 784,male,26.0,1,0,TKT00784,19.15,A5,S
785,0,3,Passenger 785,female,3.8,0,0,TKT00785,40.51,nan,S
786,0,3,Passenger 786,male,55.5,1,0,TKT00786,13.11,nan,S
787,1,2,Passenger 787,female,38.6,0,0,TKT00787,39.04,nan,C
788,0,3,Passenger 788,male,28.0,0,0,TKT00788,17.7,nan,C
789,0,3,Passenger 789,female,23.8,0,0,TKT00789,11.18,nan,S
790,0,3,Passenger 790,male,44.2,0,0,TKT00790,14.57,nan,S
791,0,3,Passenger 791,male,,0,0,TKT00791,7.71,nan,S
792,0,3,Passenger 792,male,,1,0,TKT00792,98.64,nan,S
793,1,2,Passenger 793,male,36.6,0,0,TKT00793,18.6,nan,S
794,0,1,Passenger 794,male,,0,0,TKT00794,33.64,A5,S
795,1,1,Passenger 795,male,31.0,3,0,TKT00795,13.07,nan,S
796,0,3,Passenger 796,male,26.6,1,1,TKT00796,8.66,nan,S
797,0,3,Passenger 797,male,43.6,1,0,TKT00797,16.66,C85,S
798,0,3,Passenger 798,male,16.9,0,0,TKT00798,48.47,nan,S
799,1,2,Passenger 799,female,6.3,1,1,TKT00799,13.24,nan,S
800,0,3,Passenger 800,female,37.6,0,1,TKT00800,10.01,nan,S
801,1,3,Passenger 801,female,37.8,0,0,TKT00801,22.75,E46,S
802,0,2,Passenger 802,male,35.7,0,0,TKT00802,29.94,A5,S
803,1,3,Passenger 803,female,34.7,1,0,TKT00803,74.76,nan,S
804,1,3,Passenger 804,male,24.5,1,0,TKT00804,26.66,A5,S
805,0,3,Passenger 805,male,40.0,1,0,TKT00805,33.62,nan,Q
806,1,1,Passenger 806,male,28.4,1,0,TKT00806,35.71,nan,S
807,1,3,Passenger 807,female,22.2,0,1,TKT00807,7.99,nan,S
808,0,3,Passenger 808,male,24.6,0,0,TKT00808,9.29,nan,S
809,0,3,Passenger 809,male,,0,0,TKT00809,8.44,nan,C
810,0,3,Passenger 810,female,4.7,0,2,TKT00810,6.92,nan,C
811,0,3,Passenger 811,male,36.0,2,3,TKT00811,37.95,nan,S
812,0,2,Passenger 812,male,5.5,0,0,TKT00812,25.33,nan,S
813,0,3,Passenger 813,female,27.5,0,1,TKT00813,21.4,nan,S
814,0,3,Passenger 814,male,22.9,2,1,TKT00814,4.0,A5,S
815,0,3,Passenger 815,male,0.5,1,2,TKT00815,104.0,nan,S
816,1,1,Passenger 816,female,34.4,2,1,TKT00816,9.82,G6,S
817,0,2,Passenger 817,female,23.7,0,0,TKT00817,103.69,nan,Q
818,0,3,Passenger 818,male,,0,0,TKT00818,6.3,nan,C
819,0,2,Passenger 819,male,40.8,0,1,TKT00819,10.49,A5,S
820,0,3,Passenger 820,male,49.1,1,0,TKT00820,4.0,nan,Q
821,0,2,Passenger 821,male,,2,0,TKT00821,26.83,nan,S
822,0,3,Passenger 822,male,34.0,0,0,TKT00822,8.32,nan,S
823,0,3,Passenger 823,male,29.6,1,0,TKT00823,8.51,nan,C
824,0,2,Passenger 824,female,47.6,0,1,TKT00824,6.7,E46,S
825,0,3,Passenger 825,female,,0,1,TKT00825,37.41,A5,S
826,0,2,Passenger 826,male,44.9,0,1,TKT00826,35.49,nan,S
827,0,3,Passenger 827,male,,1,0,TKT00827,85.6,E46,S
828,0,3,Passenger 828,male,31.8,0,0,TKT00828,11.6,nan,S
829,1,3,Passenger 829,female,35.2,0,0,TKT00829,23.93,nan,S
830,0,1,Passenger 830,male,3.7,0,0,TKT00830,7.16,A5,S
831,0,1,Passenger 831,male,35.6,0,1,TKT00831,15.36,nan,S
832,0,3,Passenger 832,male,60.8,1,0,TKT00832,13.26,nan,S
833,0,3,Passenger 833,male,38.0,0,0,TKT00833,29.12,D33,S
834,0,3,Passenger 834,female,49.6,1,1,TKT00834,45.31,nan,S
835,0,1,Passenger 835,female,31.6,1,0,TKT00835,44.38,nan,S
836,0,2,Passenger 836,male,,0,0,TKT00836,10.23,nan,S
837,0,3,Passenger 837,female,34.3,0,0,TKT00837,44.65,nan,C
838,1,1,Passenger 838,female,17.6,2,0,TKT00838,19.39,nan,S
839,1,2,Passenger 839,male,15.5,0,0,TKT00839,15.49,nan,C
840,0,3,Passenger 840,male,46.7,0,0,TKT00840,11.4,nan,C
841,1,1,Passenger 841,male,48.2,0,0,TKT00841,12.83,nan,S
842,1,3,Passenger 842,female,15.1,1,0,TKT00842,80.95,nan,C
843,0,2,Passenger 843,male,42.6,1,0,TKT00843,25.69,E46,C
844,0,3,Passenger 844,male,27.8,1,1,TKT00844,23.1,B28,S
845,0,3,Passenger 845,male,33.8,0,0,TKT00845,16.28,nan,S
846,0,3,Passenger 846,female,35.4,1,0,TKT00846,142.14,nan,C
847,0,1,Passenger 847,male,42.9,1,0,TKT00847,57.05,nan,Q
848,0,3,Passenger 848,female,30.2,1,1,TKT00848,11.28,E46,S
849,0,3,Passenger 849,male,48.7,0,0,TKT00849,16.14,nan,C
850,0,2,Passenger 850,female,33.3,2,0,TKT00850,16.92,nan,C
851,0,1,Passenger 851,male,37.7,1,0,TKT00851,22.57,B28,C
852,0,1,Passenger 852,male,17.3,0,1,TKT00852,11.46,nan,Q
853,0,3,Passenger 853,female,59.2,1,0,TKT00853,28.53,nan,S
854,0,3,Passenger 854,female,,0,1,TKT00854,64.18,nan,S
855,0,3,Passenger 855,male,39.0,3,0,TKT00855,7.02,nan,S
856,0,3,Passenger 856,male,6.5,1,0,TKT00856,8.15,nan,S
857,1,3,Passenger 857,female,17.5,0,0,TKT00857,13.65,nan,S
858,0,3,Passenger 858,female,46.3,0,1,TKT00858,14.16,nan,C
859,0,2,Passenger 859,male,33.0,2,0,TKT00859,99.36,D33,Q
860,1,3,Passenger 860,male,2.2,1,1,TKT00860,44.76,nan,S
861,0,1,Passenger 861,female,43.5,0,0,TKT00861,42.75,nan,S
862,0,3,Passenger 862,female,21.4,0,0,TKT00862,16.26,A5,S
863,0,3,Passenger 863,female,48.8,0,1,TKT00863,15.97,D33,S
864,0,2,Passenger 864,male,27.8,0,0,TKT00864,6.29,nan,S
865,0,3,Passenger 865,male,,2,0,TKT00865,37.54,nan,S
866,1,1,Passenger 866,female,45.5,0,1,TKT00866,29.75,nan,S
867,0,3,Passenger 867,female,16.4,0,0,TKT00867,56.19,nan,C
868,1,3,Passenger 868,female,15.1,0,0,TKT00868,16.97,E46,S
869,0,3,Passenger 869,male,,0,2,TKT00869,17.93,nan,S
870,0,2,Passenger 870,male,,0,0,TKT00870,23.01,nan,S
871,1,1,Passenger 871,female,10.4,0,2,TKT00871,41.0,nan,S
872,0,1,Passenger 872,male,5.6,0,0,TKT00872,6.2,A5,Q
873,1,1,Passenger 873,female,40.5,1,0,TKT00873,36.19,nan,Q
874,0,1,Passenger 874,male,20.6,0,1,TKT00874,19.76,B28,S
875,0,1,Passenger 875,female,,0,0,TKT00875,8.61,nan,S
876,0,3,Passenger 876,female,3.0,0,0,TKT00876,4.0,nan,S
877,1,1,Passenger 877,male,19.5,0,3,TKT00877,18.01,nan,S
878,0,1,Passenger 878,male,28.9,0,1,TKT00878,63.95,nan,S
879,0,3,Passenger 879,male,42.0,0,0,TKT00879,76.69,nan,S
880,0,3,Passenger 880,male,18.2,0,0,TKT00880,26.69,nan,S
881,0,3,Passenger 881,male,52.2,1,1,TKT00881,96.51,nan,S
882,1,3,Passenger 882,male,19.4,0,0,TKT00882,19.41,A5,S
883,0,3,Passenger 883,female,19.4,0,0,TKT00883,43.06,E46,S
884,0,3,Passenger 884,male,,0,1,TKT00884,14.0,nan,S
885,0,3,Passenger 885,male,32.0,0,1,TKT00885,13.31,nan,S
886,0,3,Passenger 886,male,21.3,1,1,TKT00886,11.68,nan,S
887,0,2,Passenger 887,male,26.8,1,1,TKT00887,4.0,nan,S
888,0,2,Passenger 888,male,47.9,0,0,TKT00888,56.24,A5,S
889,1,3,Passenger 889,male,,0,0,TKT00889,12.02,nan,C
890,0,1,Passenger 890,female,17.6,0,1,TKT00890,10.58,nan,Q
891,0,3,Passenger 891,male,28.4,0,0,TKT00891,7.81,nan,S
